Timestamp,UserID,Action,Status,Duration,ErrorCode,anomaly
2025-03-28 00:14:45.960428,user_19,file_upload,success,4674,,0
2025-03-28 02:05:45.960428,user_7,file_delete,success,3712,,0
2025-03-27 22:24:45.960428,user_16,file_delete,failure,602,482.0,0
2025-03-27 23:15:45.960428,user_18,file_delete,success,4498,,0
2025-03-27 20:17:45.960428,user_9,login,success,1931,,0
2025-03-28 03:27:45.960428,user_5,file_delete,success,640,,0
2025-03-27 17:20:45.960428,user_9,file_delete,failure,934,463.0,0
2025-03-28 05:27:45.960428,user_7,login,success,2272,,0
2025-03-27 22:58:45.960428,user_11,file_delete,failure,4439,477.0,0
2025-03-27 16:49:45.960428,user_3,login,failure,4519,432.0,0
2025-03-27 23:45:45.960428,user_16,login,failure,4432,443.0,0
2025-03-27 16:39:45.960428,user_15,file_upload,failure,1613,481.0,0
2025-03-28 03:05:45.960428,user_1,file_delete,failure,2766,406.0,0
2025-03-27 22:14:45.960428,user_20,login,success,790,,0
2025-03-28 05:49:45.960428,user_10,file_delete,success,2258,,0
2025-03-27 16:53:45.960428,user_6,login,success,4339,,0
2025-03-28 04:24:45.960428,user_12,file_delete,success,2366,,0
2025-03-28 03:10:45.960428,user_5,login,failure,3630,463.0,0
2025-03-28 06:03:45.960428,user_18,login,failure,2450,465.0,0
2025-03-28 01:21:45.960428,user_18,file_upload,failure,4663,460.0,0
2025-03-27 20:36:45.960428,user_11,login,failure,4229,485.0,0
2025-03-27 18:25:45.960428,user_8,login,success,1927,,0
2025-03-27 18:50:45.960428,user_17,login,success,1525,,0
2025-03-28 03:28:45.960428,user_4,file_delete,success,3911,,0
2025-03-28 03:38:45.960428,user_9,file_delete,success,3972,,0
2025-03-28 01:07:45.960428,user_4,file_delete,failure,503,429.0,0
2025-03-27 18:48:45.960428,user_3,file_delete,success,3093,,0
2025-03-28 07:05:45.960428,user_16,file_upload,success,4885,,0
2025-03-27 17:22:45.960428,user_2,file_upload,failure,2703,446.0,0
2025-03-28 07:53:45.960428,user_19,file_upload,failure,3996,409.0,0
2025-03-28 06:28:45.960428,user_19,login,failure,1806,467.0,0
2025-03-28 02:54:45.960428,user_8,login,success,2208,,0
2025-03-28 01:23:45.960428,user_20,file_upload,success,2259,,0
2025-03-28 02:40:45.960428,user_17,file_delete,failure,1205,444.0,0
2025-03-28 05:57:45.960428,user_18,file_upload,success,2937,,0
2025-03-27 21:44:45.960428,user_2,file_delete,success,2921,,0
2025-03-28 05:55:45.960428,user_5,file_delete,failure,1329,425.0,0
2025-03-28 02:16:45.960428,user_6,file_upload,failure,3304,456.0,0
2025-03-28 03:43:45.960428,user_18,file_delete,failure,3765,468.0,0
2025-03-28 03:11:45.960428,user_8,file_upload,failure,3938,458.0,0
2025-03-28 04:19:45.960428,user_3,file_delete,failure,3643,489.0,0
2025-03-27 16:10:45.960428,user_4,login,failure,3391,426.0,1
2025-03-27 17:45:45.960428,user_16,file_delete,failure,2386,481.0,0
2025-03-27 16:36:45.960428,user_20,file_upload,success,299,,0
2025-03-28 01:25:45.960428,user_14,file_upload,success,239,,0
2025-03-27 19:32:45.960428,user_1,file_upload,success,4770,,0
2025-03-27 17:06:45.960428,user_5,login,failure,2425,414.0,0
2025-03-27 20:30:45.960428,user_20,file_delete,success,4626,,0
2025-03-28 00:08:45.960428,user_7,login,success,4005,,0
2025-03-27 23:20:45.960428,user_16,file_delete,success,2122,,0
2025-03-28 01:27:45.960428,user_12,login,failure,1745,442.0,0
2025-03-28 06:33:45.960428,user_6,file_delete,success,3473,,0
2025-03-27 22:40:45.960428,user_16,file_upload,failure,1714,472.0,0
2025-03-28 07:17:45.960428,user_5,login,success,2465,,0
2025-03-27 22:26:45.960428,user_9,file_delete,success,429,,0
2025-03-27 22:07:45.960428,user_11,file_delete,success,4055,,0
2025-03-27 18:16:45.960428,user_10,file_upload,success,2642,,0
2025-03-28 03:45:45.960428,user_3,file_upload,failure,4730,428.0,0
2025-03-28 04:21:45.960428,user_17,login,failure,958,405.0,0
2025-03-27 17:46:45.960428,user_3,login,failure,2946,499.0,0
2025-03-28 01:43:45.960428,user_14,file_upload,failure,1701,494.0,0
2025-03-28 00:37:45.960428,user_5,login,success,3103,,0
2025-03-28 07:34:45.960428,user_18,file_upload,failure,4232,420.0,0
2025-03-27 22:51:45.960428,user_5,file_upload,failure,2272,485.0,0
2025-03-27 17:48:45.960428,user_15,file_delete,failure,496,405.0,0
2025-03-28 06:23:45.960428,user_18,file_upload,failure,1265,413.0,0
2025-03-28 05:03:45.960428,user_1,file_delete,failure,2359,473.0,0
2025-03-27 21:25:45.960428,user_7,login,failure,4537,481.0,0
2025-03-28 04:29:45.960428,user_14,file_delete,success,1147,,0
2025-03-28 00:47:45.960428,user_17,file_upload,success,2518,,0
2025-03-27 19:11:45.960428,user_4,login,failure,3598,432.0,0
2025-03-28 01:36:45.960428,user_19,login,failure,1528,478.0,0
2025-03-27 18:27:45.960428,user_13,login,success,1319,,0
2025-03-27 22:22:45.960428,user_7,login,failure,3358,419.0,0
2025-03-27 15:26:45.960428,user_1,file_upload,failure,3884,439.0,1
2025-03-28 06:34:45.960428,user_1,file_delete,success,3224,,0
2025-03-27 17:03:45.960428,user_8,file_delete,failure,4708,486.0,0
2025-03-28 06:41:45.960428,user_3,login,failure,1654,401.0,0
2025-03-27 18:05:45.960428,user_9,file_upload,success,4869,,0
2025-03-28 03:20:45.960428,user_9,file_upload,success,3843,,0
2025-03-27 23:59:45.960428,user_16,file_delete,failure,3332,431.0,0
2025-03-27 21:59:45.960428,user_18,file_delete,failure,2353,452.0,0
2025-03-28 03:18:45.960428,user_1,file_delete,failure,4025,493.0,0
2025-03-28 07:19:45.960428,user_4,login,success,3182,,0
2025-03-27 18:56:45.960428,user_4,login,failure,1721,466.0,0
2025-03-27 21:19:45.960428,user_2,file_delete,success,1748,,0
2025-03-27 20:44:45.960428,user_13,login,failure,2579,425.0,0
2025-03-27 15:41:45.960428,user_13,file_delete,failure,3006,445.0,1
2025-03-27 21:20:45.960428,user_4,login,failure,4757,423.0,0
2025-03-28 06:42:45.960428,user_17,file_delete,failure,733,485.0,0
2025-03-28 04:04:45.960428,user_2,login,success,987,,0
2025-03-27 18:06:45.960428,user_10,login,failure,685,422.0,0
2025-03-27 22:49:45.960428,user_16,file_delete,failure,3216,482.0,0
2025-03-28 05:48:45.960428,user_6,file_delete,success,2679,,0
2025-03-27 23:54:45.960428,user_6,file_upload,success,1659,,0
2025-03-27 23:12:45.960428,user_9,file_delete,success,1098,,0
2025-03-28 01:12:45.960428,user_9,login,failure,3042,424.0,0
2025-03-28 07:43:45.960428,user_16,file_delete,failure,357,489.0,0
2025-03-27 17:33:45.960428,user_19,login,success,2128,,0
2025-03-28 04:49:45.960428,user_10,file_delete,success,4815,,0
2025-03-28 00:38:45.960428,user_19,file_upload,failure,4376,498.0,0
2025-03-28 07:39:45.960428,user_8,file_upload,failure,1516,496.0,0
2025-03-27 22:21:45.960428,user_15,file_delete,success,3272,,0
2025-03-27 16:09:45.960428,user_15,login,success,4450,,1
2025-03-28 02:21:45.960428,user_8,file_upload,success,1831,,0
2025-03-27 19:10:45.960428,user_4,login,failure,670,442.0,0
2025-03-28 06:11:45.960428,user_18,login,success,4202,,0
2025-03-27 17:00:45.960428,user_16,file_delete,failure,3272,416.0,0
2025-03-27 22:41:45.960428,user_4,file_upload,success,1138,,0
2025-03-28 06:58:45.960428,user_9,login,success,1598,,0
2025-03-27 20:57:45.960428,user_13,login,success,320,,0
2025-03-27 20:18:45.960428,user_7,file_delete,success,1638,,0
2025-03-28 05:20:45.960428,user_2,file_upload,failure,1127,438.0,0
2025-03-27 21:18:45.960428,user_4,file_delete,success,3651,,0
2025-03-28 04:05:45.960428,user_18,login,success,3811,,0
2025-03-27 17:49:45.960428,user_6,login,failure,1643,491.0,0
2025-03-27 23:01:45.960428,user_1,file_upload,success,2988,,0
2025-03-28 06:01:45.960428,user_10,file_upload,success,1927,,0
2025-03-28 07:59:45.960428,user_13,file_upload,success,3264,,0
2025-03-28 00:54:45.960428,user_12,login,failure,944,481.0,0
2025-03-28 06:17:45.960428,user_3,file_delete,success,1818,,0
2025-03-28 06:13:45.960428,user_17,file_delete,success,2818,,0
2025-03-28 08:03:45.960428,user_18,file_delete,failure,2444,490.0,0
2025-03-27 21:07:45.960428,user_4,file_delete,success,249,,0
2025-03-28 02:24:45.960428,user_6,file_delete,failure,2940,402.0,0
2025-03-28 00:56:45.960428,user_13,file_upload,success,4740,,0
2025-03-28 02:45:45.960428,user_19,file_upload,failure,2299,414.0,0
2025-03-27 21:16:45.960428,user_8,login,failure,3304,466.0,0
2025-03-28 04:57:45.960428,user_6,file_upload,success,3343,,0
2025-03-27 23:10:45.960428,user_1,login,failure,4440,436.0,0
2025-03-28 01:47:45.960428,user_20,login,failure,2151,429.0,0
2025-03-27 19:00:45.960428,user_9,file_upload,success,4460,,0
2025-03-27 20:08:45.960428,user_18,file_delete,success,2494,,0
2025-03-28 03:53:45.960428,user_18,file_upload,failure,1064,491.0,0
2025-03-27 23:04:45.960428,user_1,file_delete,failure,984,414.0,0
2025-03-27 21:35:45.960428,user_11,file_upload,success,4206,,0
2025-03-28 04:26:45.960428,user_10,file_upload,success,3638,,0
2025-03-27 19:20:45.960428,user_5,file_upload,failure,1190,448.0,0
2025-03-27 21:55:45.960428,user_2,file_upload,success,2589,,0
2025-03-28 02:02:45.960428,user_17,login,failure,1934,483.0,0
2025-03-27 17:35:45.960428,user_4,file_delete,failure,1705,418.0,0
2025-03-28 04:36:45.960428,user_1,login,failure,528,428.0,0
2025-03-27 17:19:45.960428,user_18,file_upload,success,987,,0
2025-03-27 16:07:45.960428,user_10,file_upload,failure,2958,412.0,1
2025-03-28 03:54:45.960428,user_8,login,success,1303,,0
2025-03-27 22:50:45.960428,user_18,login,failure,628,481.0,0
2025-03-27 21:22:45.960428,user_19,file_delete,failure,4065,452.0,0
2025-03-27 18:42:45.960428,user_20,file_delete,failure,3239,474.0,0
2025-03-27 15:24:45.960428,user_15,file_upload,failure,4754,432.0,1
2025-03-27 18:37:45.960428,user_18,login,failure,564,437.0,0
2025-03-28 00:32:45.960428,user_6,login,failure,3800,407.0,0
2025-03-28 07:20:45.960428,user_3,file_delete,success,766,,0
2025-03-27 17:36:45.960428,user_9,file_upload,success,3336,,0
2025-03-28 02:06:45.960428,user_16,file_delete,failure,4990,473.0,0
2025-03-27 19:37:45.960428,user_19,file_delete,failure,3650,414.0,0
2025-03-28 06:07:45.960428,user_5,file_delete,failure,506,460.0,0
2025-03-27 17:16:45.960428,user_5,login,failure,2647,467.0,0
2025-03-28 00:10:45.960428,user_15,file_upload,success,3454,,0
2025-03-28 05:08:45.960428,user_9,file_upload,failure,1067,447.0,0
2025-03-28 02:17:45.960428,user_18,file_upload,success,4022,,0
2025-03-28 02:18:45.960428,user_6,login,success,4057,,0
2025-03-28 00:34:45.960428,user_13,file_upload,failure,4783,464.0,0
2025-03-28 07:42:45.960428,user_14,login,success,3468,,0
2025-03-28 01:46:45.960428,user_8,login,success,4937,,0
2025-03-28 01:09:45.960428,user_18,file_delete,success,1916,,0
2025-03-27 17:50:45.960428,user_9,file_delete,failure,3850,476.0,0
2025-03-27 17:39:45.960428,user_14,login,failure,651,475.0,0
2025-03-28 04:03:45.960428,user_18,file_delete,success,2894,,0
2025-03-28 07:49:45.960428,user_1,file_upload,failure,3869,441.0,0
2025-03-27 20:21:45.960428,user_5,login,success,4677,,0
2025-03-28 00:13:45.960428,user_10,login,failure,3947,440.0,0
2025-03-28 04:09:45.960428,user_11,login,success,4141,,0
2025-03-28 00:48:45.960428,user_16,login,failure,1444,414.0,0
2025-03-27 19:47:45.960428,user_3,file_upload,failure,3446,441.0,0
2025-03-28 05:40:45.960428,user_11,file_upload,failure,1109,402.0,0
2025-03-28 05:52:45.960428,user_16,file_delete,failure,4836,450.0,0
2025-03-27 23:19:45.960428,user_1,file_delete,failure,4848,410.0,0
2025-03-27 21:27:45.960428,user_12,login,success,3121,,0
2025-03-27 20:48:45.960428,user_1,file_upload,success,3155,,0
2025-03-28 06:30:45.960428,user_4,file_upload,failure,1508,418.0,0
2025-03-27 15:53:45.960428,user_18,file_delete,failure,384,446.0,1
2025-03-27 20:26:45.960428,user_13,file_upload,success,3117,,0
2025-03-27 21:05:45.960428,user_1,login,success,4736,,0
2025-03-27 20:14:45.960428,user_12,file_upload,failure,1589,464.0,0
2025-03-28 04:12:45.960428,user_1,login,success,1689,,0
2025-03-27 20:09:45.960428,user_14,file_delete,success,1551,,0
2025-03-27 20:16:45.960428,user_7,file_delete,success,486,,0
2025-03-27 22:59:45.960428,user_4,file_delete,success,3759,,0
2025-03-28 04:30:45.960428,user_3,file_upload,success,4899,,0
2025-03-27 21:56:45.960428,user_20,login,success,2803,,0
2025-03-28 06:48:45.960428,user_17,file_upload,failure,2817,467.0,0
2025-03-27 19:26:45.960428,user_20,file_upload,success,4620,,0
2025-03-28 01:29:45.960428,user_13,login,failure,4180,487.0,0
2025-03-27 23:46:45.960428,user_5,login,failure,2028,445.0,0
2025-03-28 02:29:45.960428,user_12,login,failure,1086,439.0,0
2025-03-27 21:30:45.960428,user_3,login,failure,2323,410.0,0
2025-03-28 01:56:45.960428,user_6,file_delete,failure,534,411.0,0
2025-03-28 04:17:45.960428,user_7,file_upload,success,3053,,0
2025-03-27 21:45:45.960428,user_17,login,success,3273,,0
2025-03-28 05:47:45.960428,user_5,file_delete,failure,4564,425.0,0
2025-03-27 20:20:45.960428,user_13,login,failure,2342,449.0,0
2025-03-28 01:31:45.960428,user_3,login,success,1172,,0
2025-03-28 00:06:45.960428,user_16,file_delete,success,4151,,0
2025-03-27 17:08:45.960428,user_18,file_delete,success,1624,,0
2025-03-28 03:37:45.960428,user_11,login,failure,388,428.0,0
2025-03-27 17:24:45.960428,user_8,file_delete,failure,680,475.0,0
2025-03-27 16:15:45.960428,user_17,file_delete,failure,2041,423.0,0
2025-03-28 05:36:45.960428,user_20,file_delete,failure,1623,403.0,0
2025-03-27 23:08:45.960428,user_9,login,success,1904,,0
2025-03-28 00:15:45.960428,user_10,file_delete,failure,3364,448.0,0
2025-03-28 00:28:45.960428,user_1,login,failure,4624,449.0,0
2025-03-27 22:03:45.960428,user_20,login,success,2006,,0
2025-03-27 15:54:45.960428,user_11,file_delete,success,1935,,1
2025-03-28 04:52:45.960428,user_7,login,failure,768,490.0,0
2025-03-27 23:26:45.960428,user_12,file_delete,failure,4687,422.0,0
2025-03-28 01:08:45.960428,user_9,file_upload,success,3829,,0
2025-03-27 22:32:45.960428,user_15,file_upload,success,1638,,0
2025-03-27 16:29:45.960428,user_18,file_delete,success,665,,0
2025-03-27 20:34:45.960428,user_3,file_upload,failure,1982,407.0,0
2025-03-27 20:40:45.960428,user_11,file_upload,failure,4094,441.0,0
2025-03-28 02:58:45.960428,user_1,login,success,578,,0
2025-03-27 21:47:45.960428,user_4,file_delete,success,788,,0
2025-03-27 18:11:45.960428,user_9,file_upload,failure,1210,491.0,0
2025-03-27 18:23:45.960428,user_19,file_upload,failure,2442,427.0,0
2025-03-28 05:33:45.960428,user_15,login,failure,2070,491.0,0
2025-03-27 23:27:45.960428,user_16,file_upload,failure,666,403.0,0
2025-03-27 19:06:45.960428,user_7,login,failure,2843,450.0,0
2025-03-27 21:15:45.960428,user_14,login,success,1276,,0
2025-03-27 18:24:45.960428,user_3,login,success,1374,,0
2025-03-27 20:54:45.960428,user_6,file_delete,failure,2889,441.0,0
2025-03-28 05:29:45.960428,user_6,login,failure,454,423.0,0
2025-03-27 15:28:45.960428,user_2,file_upload,failure,2994,462.0,1
2025-03-27 18:09:45.960428,user_5,file_upload,success,2202,,0
2025-03-28 03:32:45.960428,user_14,login,failure,3821,443.0,0
2025-03-27 21:21:45.960428,user_17,login,failure,897,466.0,0
2025-03-27 22:17:45.960428,user_19,file_upload,failure,784,476.0,0
2025-03-27 17:43:45.960428,user_2,file_delete,failure,4559,401.0,0
2025-03-28 05:23:45.960428,user_6,file_delete,failure,3583,435.0,0
2025-03-28 03:34:45.960428,user_16,login,failure,3631,450.0,0
2025-03-28 04:06:45.960428,user_11,file_upload,success,2828,,0
2025-03-27 18:13:45.960428,user_10,file_delete,failure,3068,412.0,0
2025-03-27 16:40:45.960428,user_19,login,failure,3311,484.0,0
2025-03-27 18:20:45.960428,user_6,login,failure,3492,448.0,0
2025-03-28 02:52:45.960428,user_1,login,success,4749,,0
2025-03-28 07:16:45.960428,user_3,login,failure,622,445.0,0
2025-03-27 17:29:45.960428,user_9,file_upload,success,2319,,0
2025-03-27 15:58:45.960428,user_14,login,failure,2294,407.0,1
2025-03-28 05:05:45.960428,user_15,file_delete,success,4405,,0
2025-03-28 03:14:45.960428,user_14,file_delete,success,1531,,0
2025-03-28 06:36:45.960428,user_9,login,success,4813,,0
2025-03-27 16:14:45.960428,user_11,login,failure,3606,447.0,0
2025-03-27 15:34:45.960428,user_9,file_delete,success,2351,,1
2025-03-27 18:58:45.960428,user_18,login,failure,4129,481.0,0
2025-03-28 01:19:45.960428,user_2,file_upload,failure,1425,411.0,0
2025-03-28 04:15:45.960428,user_11,file_delete,failure,3944,439.0,0
2025-03-28 03:30:45.960428,user_6,file_upload,success,360,,0
2025-03-27 21:08:45.960428,user_1,file_delete,failure,474,475.0,0
2025-03-28 00:59:45.960428,user_7,file_delete,failure,339,414.0,0
2025-03-27 23:07:45.960428,user_3,login,success,3700,,0
2025-03-27 17:32:45.960428,user_16,file_upload,failure,3348,445.0,0
2025-03-27 21:13:45.960428,user_8,file_upload,failure,4558,455.0,0
2025-03-28 06:40:45.960428,user_3,file_upload,failure,3823,400.0,0
2025-03-27 16:21:45.960428,user_18,file_delete,failure,4256,453.0,0
2025-03-27 20:39:45.960428,user_7,login,success,939,,0
2025-03-27 19:17:45.960428,user_7,file_upload,failure,1367,412.0,0
2025-03-28 07:00:45.960428,user_11,file_upload,failure,4998,484.0,0
2025-03-27 23:24:45.960428,user_6,file_upload,success,3107,,0
2025-03-27 18:28:45.960428,user_4,file_delete,success,382,,0
2025-03-27 22:31:45.960428,user_13,file_upload,failure,1474,441.0,0
2025-03-27 17:38:45.960428,user_18,file_upload,success,3925,,0
2025-03-27 22:57:45.960428,user_14,file_delete,success,1001,,0
2025-03-27 17:55:45.960428,user_5,login,success,1388,,0
2025-03-28 05:24:45.960428,user_7,file_delete,success,913,,0
2025-03-27 18:38:45.960428,user_9,file_delete,failure,573,423.0,0
2025-03-27 15:35:45.960428,user_10,login,success,4750,,1
2025-03-27 23:14:45.960428,user_2,file_delete,failure,3629,431.0,0
2025-03-28 06:27:45.960428,user_7,login,failure,3409,430.0,0
2025-03-27 16:46:45.960428,user_19,login,failure,4126,441.0,0
2025-03-27 23:02:45.960428,user_13,file_upload,success,1665,,0
2025-03-28 08:02:45.960428,user_19,file_delete,failure,610,475.0,0
2025-03-28 02:49:45.960428,user_13,login,success,258,,0
2025-03-27 23:34:45.960428,user_1,login,success,4972,,0
2025-03-27 19:12:45.960428,user_6,file_upload,success,2372,,0
2025-03-27 23:05:45.960428,user_7,file_delete,success,4915,,0
2025-03-27 23:09:45.960428,user_12,file_delete,success,2660,,0
2025-03-27 19:55:45.960428,user_7,file_upload,success,543,,0
2025-03-27 21:54:45.960428,user_12,file_delete,failure,4081,458.0,0
2025-03-28 02:19:45.960428,user_10,login,success,3338,,0
2025-03-28 00:03:45.960428,user_12,login,success,3748,,0
2025-03-27 20:28:45.960428,user_19,login,success,4100,,0
2025-03-27 20:37:45.960428,user_9,file_delete,success,3914,,0
2025-03-27 22:54:45.960428,user_4,file_delete,success,4331,,0
2025-03-28 01:59:45.960428,user_12,file_upload,success,2383,,0
2025-03-27 18:45:45.960428,user_4,file_delete,failure,3980,487.0,0
2025-03-27 22:35:45.960428,user_8,file_upload,failure,1659,426.0,0
2025-03-27 18:33:45.960428,user_13,login,success,4330,,0
2025-03-28 04:43:45.960428,user_3,file_delete,failure,3841,465.0,0
2025-03-28 03:44:45.960428,user_19,file_upload,success,665,,0
2025-03-28 03:07:45.960428,user_17,file_upload,success,4627,,0
2025-03-27 21:14:45.960428,user_18,file_upload,success,945,,0
2025-03-28 07:52:45.960428,user_3,file_delete,failure,2468,436.0,0
2025-03-28 05:38:45.960428,user_10,file_upload,failure,4148,431.0,0
2025-03-27 17:11:45.960428,user_19,login,success,4052,,0
2025-03-27 15:46:45.960428,user_7,file_delete,success,2290,,1
2025-03-27 21:40:45.960428,user_2,login,failure,4984,427.0,0
2025-03-28 04:59:45.960428,user_1,login,success,838,,0
2025-03-28 05:53:45.960428,user_17,file_upload,failure,3215,433.0,0
2025-03-27 15:40:45.960428,user_18,login,success,3281,,1
2025-03-28 06:59:45.960428,user_18,login,failure,3503,420.0,0
2025-03-27 22:04:45.960428,user_5,login,success,3052,,0
2025-03-27 21:09:45.960428,user_14,file_delete,failure,1273,481.0,0
2025-03-27 15:37:45.960428,user_10,file_delete,success,3396,,1
2025-03-27 16:23:45.960428,user_20,file_upload,success,3105,,0
2025-03-28 04:28:45.960428,user_17,login,success,3284,,0
2025-03-28 02:43:45.960428,user_3,file_upload,failure,3591,489.0,0
2025-03-27 19:13:45.960428,user_19,file_delete,success,676,,0
2025-03-27 20:24:45.960428,user_18,file_delete,failure,2183,459.0,0
2025-03-28 02:42:45.960428,user_11,file_delete,success,2954,,0
2025-03-27 20:19:45.960428,user_19,file_upload,failure,3709,455.0,0
2025-03-27 16:12:45.960428,user_5,file_delete,failure,1061,429.0,1
2025-03-28 06:09:45.960428,user_16,file_upload,failure,528,402.0,0
2025-03-27 19:54:45.960428,user_11,file_upload,success,3243,,0
2025-03-27 15:47:45.960428,user_6,login,failure,3715,499.0,1
2025-03-27 19:56:45.960428,user_20,login,success,4840,,0
2025-03-27 15:56:45.960428,user_1,login,success,3048,,1
2025-03-28 03:15:45.960428,user_8,file_delete,success,4410,,0
2025-03-28 04:13:45.960428,user_8,file_upload,failure,677,406.0,0
2025-03-27 18:53:45.960428,user_19,login,failure,3427,436.0,0
2025-03-27 21:33:45.960428,user_13,login,failure,913,428.0,0
2025-03-28 06:39:45.960428,user_3,file_delete,success,3133,,0
2025-03-28 02:30:45.960428,user_16,file_delete,failure,4905,495.0,0
2025-03-28 04:51:45.960428,user_4,file_upload,failure,3379,458.0,0
2025-03-28 05:18:45.960428,user_14,login,failure,1009,432.0,0
2025-03-27 17:34:45.960428,user_12,login,failure,4619,466.0,0
2025-03-28 05:42:45.960428,user_7,login,failure,4691,457.0,0
2025-03-27 23:48:45.960428,user_13,file_delete,success,4295,,0
2025-03-27 17:58:45.960428,user_6,file_delete,failure,2817,406.0,0
2025-03-27 22:27:45.960428,user_7,file_upload,success,3875,,0
2025-03-27 17:04:45.960428,user_8,login,success,3653,,0
2025-03-27 18:01:45.960428,user_9,file_delete,failure,2390,496.0,0
2025-03-28 03:58:45.960428,user_12,file_upload,success,2746,,0
2025-03-28 03:39:45.960428,user_1,login,failure,1898,450.0,0
2025-03-28 04:01:45.960428,user_13,login,success,4012,,0
2025-03-27 19:52:45.960428,user_1,file_delete,success,2909,,0
2025-03-28 07:14:45.960428,user_14,file_delete,failure,4665,481.0,0
2025-03-28 01:06:45.960428,user_18,file_delete,success,4781,,0
2025-03-27 23:51:45.960428,user_13,file_delete,success,560,,0
2025-03-28 07:21:45.960428,user_5,login,success,3119,,0
2025-03-27 19:43:45.960428,user_15,file_delete,success,2382,,0
2025-03-28 04:02:45.960428,user_7,login,failure,2699,487.0,0
2025-03-28 02:11:45.960428,user_9,file_upload,failure,2793,404.0,0
2025-03-27 23:13:45.960428,user_18,file_delete,success,4177,,0
2025-03-28 04:41:45.960428,user_1,login,failure,3631,403.0,0
2025-03-27 23:17:45.960428,user_7,login,failure,3329,471.0,0
2025-03-28 02:37:45.960428,user_11,login,failure,309,478.0,0
2025-03-28 05:22:45.960428,user_14,login,failure,2739,473.0,0
2025-03-27 20:15:45.960428,user_12,login,success,1090,,0
2025-03-27 21:49:45.960428,user_9,login,failure,1298,421.0,0
2025-03-27 15:38:45.960428,user_1,file_upload,success,4827,,1
2025-03-27 19:31:45.960428,user_5,file_upload,failure,2423,422.0,0
2025-03-28 04:31:45.960428,user_7,file_delete,failure,312,443.0,0
2025-03-27 21:38:45.960428,user_12,file_delete,success,2964,,0
2025-03-27 19:29:45.960428,user_7,file_delete,failure,4494,481.0,0
2025-03-27 19:34:45.960428,user_2,file_upload,success,4105,,0
2025-03-27 22:36:45.960428,user_8,login,failure,3532,488.0,0
2025-03-28 02:20:45.960428,user_3,file_delete,failure,3608,470.0,0
2025-03-28 06:02:45.960428,user_3,file_upload,success,3215,,0
2025-03-27 22:48:45.960428,user_18,file_upload,failure,926,495.0,0
2025-03-28 06:12:45.960428,user_4,file_upload,failure,3793,480.0,0
2025-03-28 05:06:45.960428,user_2,file_upload,success,880,,0
2025-03-27 22:45:45.960428,user_6,file_delete,failure,752,487.0,0
2025-03-28 01:49:45.960428,user_8,file_upload,failure,3394,426.0,0
2025-03-27 15:29:45.960428,user_7,file_upload,success,3807,,1
2025-03-28 03:19:45.960428,user_10,login,failure,2934,416.0,0
2025-03-27 23:33:45.960428,user_14,login,success,904,,0
2025-03-27 17:27:45.960428,user_1,login,success,3131,,0
2025-03-28 06:53:45.960428,user_12,file_delete,failure,2150,498.0,0
2025-03-28 02:38:45.960428,user_12,login,success,4287,,0
2025-03-28 02:10:45.960428,user_8,file_delete,failure,1778,451.0,0
2025-03-28 07:07:45.960428,user_5,file_upload,success,3559,,0
2025-03-27 18:10:45.960428,user_5,login,failure,4687,497.0,0
2025-03-28 04:08:45.960428,user_20,file_delete,success,3498,,0
2025-03-27 23:47:45.960428,user_12,login,failure,1299,416.0,0
2025-03-28 03:36:45.960428,user_8,file_upload,success,2918,,0
2025-03-28 00:58:45.960428,user_8,login,success,1011,,0
2025-03-27 16:50:45.960428,user_5,login,success,1453,,0
2025-03-27 23:36:45.960428,user_17,file_upload,success,2638,,0
2025-03-27 23:40:45.960428,user_15,file_upload,failure,1609,432.0,0
2025-03-27 22:37:45.960428,user_14,file_upload,success,759,,0
2025-03-28 02:07:45.960428,user_20,file_delete,failure,1434,444.0,0
2025-03-28 05:12:45.960428,user_6,file_delete,failure,2615,450.0,0
2025-03-28 02:08:45.960428,user_10,file_upload,success,811,,0
2025-03-28 01:45:45.960428,user_19,file_upload,success,1625,,0
2025-03-27 18:39:45.960428,user_19,file_upload,success,1453,,0
2025-03-28 02:35:45.960428,user_20,login,success,4413,,0
2025-03-27 21:10:45.960428,user_17,login,success,2826,,0
2025-03-28 04:53:45.960428,user_1,file_upload,failure,1644,468.0,0
2025-03-27 20:45:45.960428,user_5,login,failure,517,492.0,0
2025-03-28 07:03:45.960428,user_7,file_upload,failure,3952,426.0,0
2025-03-27 23:41:45.960428,user_13,login,failure,2091,475.0,0
2025-03-28 04:23:45.960428,user_11,login,failure,3255,437.0,0
2025-03-27 15:32:45.960428,user_4,file_delete,failure,708,446.0,1
2025-03-27 21:41:45.960428,user_14,login,failure,1686,426.0,0
2025-03-28 05:09:45.960428,user_18,file_delete,success,4330,,0
2025-03-28 05:58:45.960428,user_2,file_upload,success,1944,,0
2025-03-27 23:37:45.960428,user_19,file_upload,failure,2362,494.0,0
2025-03-28 01:17:45.960428,user_16,file_delete,failure,2001,413.0,0
2025-03-28 02:13:45.960428,user_16,file_upload,failure,2731,483.0,0
2025-03-27 22:46:45.960428,user_5,file_upload,failure,1487,456.0,0
2025-03-28 00:11:45.960428,user_15,file_delete,failure,3730,474.0,0
2025-03-28 04:07:45.960428,user_13,file_upload,success,655,,0
2025-03-27 16:57:45.960428,user_13,file_delete,failure,4335,407.0,0
2025-03-28 07:06:45.960428,user_4,file_delete,failure,2456,438.0,0
2025-03-28 07:58:45.960428,user_8,login,success,1247,,0
2025-03-27 16:13:45.960428,user_5,file_upload,success,977,,1
2025-03-28 00:45:45.960428,user_7,file_upload,success,2890,,0
2025-03-28 00:31:45.960428,user_2,file_upload,success,1446,,0
2025-03-27 16:20:45.960428,user_13,login,failure,3050,498.0,0
2025-03-28 07:13:45.960428,user_10,login,failure,1647,450.0,0
2025-03-27 18:15:45.960428,user_16,login,success,485,,0
2025-03-27 15:51:45.960428,user_9,login,success,1805,,1
2025-03-27 18:52:45.960428,user_15,file_upload,failure,3301,451.0,0
2025-03-28 07:26:45.960428,user_19,file_delete,success,1650,,0
2025-03-28 07:41:45.960428,user_5,file_upload,success,1915,,0
2025-03-28 02:25:45.960428,user_4,file_upload,success,761,,0
2025-03-27 15:45:45.960428,user_7,file_upload,success,4149,,1
2025-03-27 15:44:45.960428,user_2,file_upload,success,954,,1
2025-03-27 20:52:45.960428,user_8,file_delete,failure,1051,412.0,0
2025-03-28 07:25:45.960428,user_7,file_delete,success,1106,,0
2025-03-27 16:56:45.960428,user_8,file_upload,success,209,,0
2025-03-27 20:11:45.960428,user_18,file_delete,failure,4509,448.0,0
2025-03-28 07:55:45.960428,user_6,login,failure,535,448.0,0
2025-03-27 22:18:45.960428,user_11,file_delete,failure,3208,432.0,0
2025-03-27 16:02:45.960428,user_18,file_delete,failure,3421,441.0,1
2025-03-27 19:44:45.960428,user_17,file_delete,success,4022,,0
2025-03-27 22:38:45.960428,user_6,file_upload,failure,4631,427.0,0
2025-03-28 00:05:45.960428,user_2,file_upload,failure,531,458.0,0
2025-03-28 04:46:45.960428,user_13,file_delete,failure,839,482.0,0
2025-03-27 23:53:45.960428,user_11,file_upload,success,473,,0
2025-03-27 20:06:45.960428,user_3,file_delete,success,3855,,0
2025-03-27 23:42:45.960428,user_13,login,failure,4639,497.0,0
2025-03-28 04:38:45.960428,user_8,file_delete,failure,2989,466.0,0
2025-03-27 20:10:45.960428,user_19,file_upload,success,1358,,0
2025-03-28 02:41:45.960428,user_1,login,failure,758,426.0,0
2025-03-27 17:28:45.960428,user_7,login,success,3657,,0
2025-03-27 17:51:45.960428,user_10,login,success,3625,,0
2025-03-28 00:52:45.960428,user_9,file_delete,success,3032,,0
2025-03-27 20:53:45.960428,user_11,file_upload,failure,3501,417.0,0
2025-03-27 19:16:45.960428,user_20,file_upload,success,3741,,0
2025-03-27 17:23:45.960428,user_17,file_delete,failure,1044,484.0,0
2025-03-28 01:00:45.960428,user_10,login,success,4575,,0
2025-03-28 07:02:45.960428,user_7,login,failure,2123,484.0,0
2025-03-28 07:24:45.960428,user_19,file_upload,success,2388,,0
2025-03-27 16:35:45.960428,user_14,login,failure,4078,456.0,0
2025-03-28 04:33:45.960428,user_8,file_upload,failure,4930,460.0,0
2025-03-27 20:32:45.960428,user_19,file_delete,success,2996,,0
2025-03-27 20:46:45.960428,user_12,login,success,2714,,0
2025-03-27 23:38:45.960428,user_12,login,success,3794,,0
2025-03-27 21:39:45.960428,user_15,login,failure,3448,497.0,0
2025-03-27 18:26:45.960428,user_19,file_upload,failure,2085,498.0,0
2025-03-28 04:20:45.960428,user_5,file_delete,failure,2677,439.0,0
2025-03-28 05:31:45.960428,user_15,file_upload,failure,2107,408.0,0
2025-03-27 16:30:45.960428,user_11,file_upload,failure,1981,474.0,0
2025-03-27 21:43:45.960428,user_6,file_upload,success,3272,,0
2025-03-28 07:38:45.960428,user_20,file_delete,failure,2972,428.0,0
2025-03-27 22:30:45.960428,user_19,file_upload,failure,3521,449.0,0
2025-03-28 05:16:45.960428,user_12,file_upload,failure,3625,495.0,0
2025-03-27 19:25:45.960428,user_19,file_delete,failure,1859,431.0,0
2025-03-27 17:18:45.960428,user_15,file_upload,failure,2042,440.0,0
2025-03-28 07:09:45.960428,user_17,login,failure,3877,447.0,0
2025-03-27 20:49:45.960428,user_2,file_upload,failure,3418,468.0,0
2025-03-28 01:58:45.960428,user_11,login,failure,2731,432.0,0
2025-03-28 00:36:45.960428,user_12,file_delete,success,3088,,0
2025-03-28 07:12:45.960428,user_2,file_upload,failure,1397,485.0,0
2025-03-27 17:17:45.960428,user_5,file_delete,success,2500,,0
2025-03-28 01:54:45.960428,user_8,file_upload,success,1306,,0
2025-03-27 17:47:45.960428,user_9,file_upload,success,3723,,0
2025-03-27 20:07:45.960428,user_1,login,success,3431,,0
2025-03-28 07:31:45.960428,user_9,file_delete,failure,1381,475.0,0
2025-03-28 07:50:45.960428,user_1,file_upload,failure,1742,467.0,0
2025-03-28 05:45:45.960428,user_7,login,failure,1113,464.0,0
2025-03-28 03:17:45.960428,user_5,file_delete,failure,1760,437.0,0
2025-03-27 19:36:45.960428,user_15,login,success,4693,,0
2025-03-27 17:10:45.960428,user_2,login,success,2575,,0
2025-03-27 17:54:45.960428,user_15,file_delete,failure,1078,467.0,0
2025-03-27 16:00:45.960428,user_13,file_upload,failure,1457,423.0,1
2025-03-28 03:29:45.960428,user_13,file_delete,success,1929,,0
2025-03-27 21:11:45.960428,user_13,file_upload,failure,403,470.0,0
2025-03-28 01:42:45.960428,user_1,file_delete,failure,4015,464.0,0
2025-03-28 01:33:45.960428,user_9,file_delete,success,3481,,0
2025-03-28 02:04:45.960428,user_6,file_upload,failure,4025,421.0,0
2025-03-28 00:27:45.960428,user_4,file_upload,success,1273,,0
2025-03-27 15:39:45.960428,user_20,file_delete,success,2691,,1
2025-03-28 02:00:45.960428,user_15,file_delete,success,4266,,0
2025-03-27 19:28:45.960428,user_18,file_upload,success,2112,,0
2025-03-27 16:11:45.960428,user_4,login,success,4707,,1
2025-03-27 22:10:45.960428,user_11,login,failure,2007,477.0,0
2025-03-27 22:08:45.960428,user_16,login,success,2959,,0
2025-03-28 05:37:45.960428,user_17,file_delete,success,3650,,0
2025-03-28 01:04:45.960428,user_2,file_delete,success,905,,0
2025-03-28 03:22:45.960428,user_9,login,failure,4592,455.0,0
2025-03-28 01:35:45.960428,user_4,login,failure,2369,426.0,0
2025-03-28 06:56:45.960428,user_14,file_delete,failure,408,495.0,0
2025-03-28 01:05:45.960428,user_3,file_upload,failure,3627,414.0,0
2025-03-28 07:15:45.960428,user_10,file_delete,failure,4115,477.0,0
2025-03-27 15:42:45.960428,user_9,file_upload,success,4700,,1
2025-03-27 18:12:45.960428,user_17,file_delete,failure,4156,498.0,0
2025-03-28 01:48:45.960428,user_19,file_delete,success,3272,,0
2025-03-27 22:53:45.960428,user_19,login,failure,1849,444.0,0
2025-03-27 23:55:45.960428,user_1,file_delete,failure,1886,469.0,0
2025-03-27 19:09:45.960428,user_8,file_delete,failure,4962,478.0,0
2025-03-27 22:55:45.960428,user_19,file_upload,success,3664,,0
2025-03-27 22:25:45.960428,user_8,login,success,523,,0
2025-03-28 06:35:45.960428,user_20,file_upload,failure,4234,413.0,0
2025-03-28 03:13:45.960428,user_10,file_delete,success,562,,0
2025-03-28 00:41:45.960428,user_15,file_upload,failure,2408,435.0,0
2025-03-28 02:57:45.960428,user_11,file_upload,success,4965,,0
2025-03-28 06:47:45.960428,user_16,file_upload,success,2821,,0
2025-03-28 06:18:45.960428,user_14,login,failure,3278,477.0,0
2025-03-28 00:29:45.960428,user_4,file_delete,success,2340,,0
2025-03-28 02:31:45.960428,user_20,login,success,2528,,0
2025-03-28 00:18:45.960428,user_1,file_delete,failure,886,487.0,0
2025-03-28 05:35:45.960428,user_4,file_delete,success,2306,,0
2025-03-28 05:46:45.960428,user_11,file_delete,failure,4209,428.0,0
2025-03-27 19:30:45.960428,user_18,login,success,1223,,0
2025-03-28 05:39:45.960428,user_17,file_delete,failure,2453,433.0,0
2025-03-28 05:17:45.960428,user_13,file_delete,failure,531,446.0,0
2025-03-27 18:31:45.960428,user_13,file_delete,success,3356,,0
2025-03-27 21:06:45.960428,user_16,file_delete,failure,3027,413.0,0
2025-03-28 06:32:45.960428,user_14,login,success,2785,,0
2025-03-27 16:52:45.960428,user_10,file_upload,success,3654,,0
2025-03-27 23:06:45.960428,user_10,file_upload,failure,3545,423.0,0
2025-03-27 23:58:45.960428,user_16,file_delete,success,1278,,0
2025-03-28 04:35:45.960428,user_9,file_delete,success,1880,,0
2025-03-28 05:34:45.960428,user_11,file_upload,success,1956,,0
2025-03-28 00:00:45.960428,user_16,file_upload,failure,1097,407.0,0
2025-03-28 00:21:45.960428,user_18,file_delete,failure,1624,447.0,0
2025-03-28 07:35:45.960428,user_4,file_delete,success,4760,,0
2025-03-28 02:46:45.960428,user_3,file_delete,failure,1754,405.0,0
2025-03-27 17:41:45.960428,user_6,file_upload,success,2873,,0
2025-03-28 05:02:45.960428,user_4,file_upload,failure,270,413.0,0
2025-03-28 00:20:45.960428,user_18,login,failure,2968,417.0,0
2025-03-28 04:18:45.960428,user_8,file_delete,failure,3013,467.0,0
2025-03-28 02:22:45.960428,user_18,login,success,2700,,0
2025-03-28 06:57:45.960428,user_18,file_upload,failure,4002,413.0,0
2025-03-27 22:23:45.960428,user_16,login,failure,1539,433.0,0
2025-03-27 18:17:45.960428,user_13,file_delete,success,1665,,0
2025-03-28 04:27:45.960428,user_16,login,failure,1269,450.0,0
2025-03-27 18:36:45.960428,user_20,login,success,2915,,0
2025-03-27 21:24:45.960428,user_1,login,success,1325,,0
2025-03-28 06:31:45.960428,user_17,login,failure,1528,443.0,0
2025-03-27 20:33:45.960428,user_14,file_upload,failure,333,420.0,0
2025-03-27 16:33:45.960428,user_15,login,success,2910,,0
2025-03-27 19:27:45.960428,user_13,file_upload,success,4727,,0
2025-03-27 22:42:45.960428,user_8,file_delete,success,3584,,0
2025-03-28 01:01:45.960428,user_1,file_delete,failure,3283,467.0,0
2025-03-28 06:14:45.960428,user_9,file_delete,success,4707,,0
2025-03-28 06:45:45.960428,user_1,file_upload,success,2687,,0
2025-03-27 21:58:45.960428,user_17,file_upload,failure,1847,428.0,0
2025-03-27 18:59:45.960428,user_17,login,failure,3464,494.0,0
2025-03-28 07:30:45.960428,user_1,login,failure,655,488.0,0
2025-03-27 15:50:45.960428,user_3,file_delete,success,1084,,1
2025-03-28 06:26:45.960428,user_11,login,success,2877,,0
2025-03-27 22:13:45.960428,user_1,file_delete,success,3480,,0
2025-03-28 05:59:45.960428,user_15,login,success,3787,,0
2025-03-28 07:40:45.960428,user_3,login,failure,4079,474.0,0
2025-03-28 01:40:45.960428,user_2,login,success,3293,,0
2025-03-28 06:10:45.960428,user_10,file_upload,failure,2699,485.0,0
2025-03-27 17:30:45.960428,user_7,login,success,3616,,0
2025-03-28 01:02:45.960428,user_5,file_delete,success,4536,,0
2025-03-28 02:39:45.960428,user_11,login,failure,570,467.0,0
2025-03-28 00:09:45.960428,user_14,login,success,1199,,0
2025-03-27 18:43:45.960428,user_12,file_delete,success,4837,,0
2025-03-28 05:14:45.960428,user_19,file_delete,failure,755,431.0,0
2025-03-28 00:43:45.960428,user_9,login,success,3504,,0
2025-03-28 07:23:45.960428,user_14,login,failure,960,427.0,0
2025-03-27 16:34:45.960428,user_8,file_upload,success,2240,,0
2025-03-28 01:24:45.960428,user_10,file_delete,failure,1017,408.0,0
2025-03-27 18:04:45.960428,user_6,file_delete,failure,2752,403.0,0
2025-03-27 19:14:45.960428,user_6,file_delete,success,260,,0
2025-03-27 16:19:45.960428,user_6,file_upload,failure,2983,482.0,0
2025-03-28 04:22:45.960428,user_12,file_delete,success,281,,0
2025-03-28 05:04:45.960428,user_18,file_delete,success,2410,,0
2025-03-28 06:20:45.960428,user_6,file_delete,success,3735,,0
2025-03-27 18:51:45.960428,user_12,file_upload,success,3060,,0
2025-03-28 04:50:45.960428,user_6,file_delete,failure,2565,485.0,0
2025-03-28 04:47:45.960428,user_12,file_delete,failure,2791,433.0,0
2025-03-28 05:26:45.960428,user_9,file_delete,success,669,,0
2025-03-28 03:40:45.960428,user_18,file_delete,success,2320,,0
2025-03-27 21:34:45.960428,user_4,file_delete,failure,437,421.0,0
2025-03-27 19:15:45.960428,user_17,file_upload,success,2245,,0
2025-03-27 17:14:45.960428,user_17,file_delete,success,1390,,0
2025-03-27 20:35:45.960428,user_17,login,failure,2553,414.0,0
2025-03-27 19:59:45.960428,user_2,file_upload,success,2434,,0
2025-03-27 21:03:45.960428,user_3,login,failure,2908,455.0,0
2025-03-27 16:28:45.960428,user_9,file_upload,success,2921,,0
2025-03-28 05:10:45.960428,user_5,file_upload,failure,3073,488.0,0
2025-03-28 00:22:45.960428,user_18,file_upload,failure,4193,458.0,0
2025-03-28 00:07:45.960428,user_18,login,success,1250,,0
2025-03-27 16:26:45.960428,user_14,file_delete,success,2487,,0
2025-03-27 16:42:45.960428,user_16,file_upload,success,1960,,0
2025-03-28 02:53:45.960428,user_14,file_upload,failure,1585,402.0,0
2025-03-28 01:52:45.960428,user_18,file_upload,success,673,,0
2025-03-28 00:30:45.960428,user_12,login,failure,669,483.0,0
2025-03-27 19:57:45.960428,user_10,login,success,4325,,0
2025-03-28 01:28:45.960428,user_14,login,failure,829,425.0,0
2025-03-27 17:52:45.960428,user_1,file_delete,success,1691,,0
2025-03-28 02:01:45.960428,user_5,file_delete,failure,3901,441.0,0
2025-03-28 03:41:45.960428,user_17,file_upload,failure,4552,471.0,0
2025-03-27 23:57:45.960428,user_15,login,failure,3266,484.0,0
2025-03-27 16:22:45.960428,user_2,file_delete,success,1561,,0
2025-03-28 07:08:45.960428,user_13,file_delete,success,2866,,0
2025-03-28 03:55:45.960428,user_1,login,failure,1126,432.0,0
2025-03-27 23:39:45.960428,user_20,file_delete,success,1644,,0
2025-03-27 18:19:45.960428,user_15,file_delete,failure,1327,455.0,0
2025-03-28 03:00:45.960428,user_6,file_delete,failure,278,441.0,0
2025-03-28 05:07:45.960428,user_7,file_delete,failure,3495,472.0,0
2025-03-27 21:57:45.960428,user_8,file_upload,success,1632,,0
2025-03-28 08:00:45.960428,user_18,file_delete,failure,4756,433.0,0
2025-03-27 18:40:45.960428,user_6,file_delete,success,3718,,0
2025-03-27 19:01:45.960428,user_3,login,failure,4240,435.0,0
2025-03-27 19:46:45.960428,user_16,file_delete,failure,3489,445.0,0
2025-03-28 07:01:45.960428,user_10,file_delete,success,504,,0
2025-03-27 17:37:45.960428,user_6,file_delete,success,1360,,0
2025-03-28 01:20:45.960428,user_17,file_delete,failure,4435,407.0,0
2025-03-27 22:19:45.960428,user_7,file_upload,failure,3906,424.0,0
2025-03-27 23:30:45.960428,user_17,login,failure,1416,413.0,0
2025-03-27 19:45:45.960428,user_8,file_delete,failure,4027,484.0,0
2025-03-28 04:54:45.960428,user_6,login,failure,4029,408.0,0
2025-03-28 06:00:45.960428,user_11,file_upload,success,2426,,0
2025-03-28 01:03:45.960428,user_19,file_delete,success,4141,,0
2025-03-27 17:44:45.960428,user_14,file_delete,success,2092,,0
2025-03-28 02:12:45.960428,user_3,login,failure,1606,441.0,0
2025-03-27 15:57:45.960428,user_14,file_delete,failure,2379,448.0,1
2025-03-27 20:43:45.960428,user_17,file_upload,failure,1709,404.0,0
2025-03-28 03:57:45.960428,user_16,file_delete,failure,3862,457.0,0
2025-03-27 23:44:45.960428,user_9,file_upload,failure,3625,481.0,0
2025-03-27 23:00:45.960428,user_4,file_delete,failure,726,431.0,0
2025-03-28 00:04:45.960428,user_17,file_upload,failure,2051,497.0,0
2025-03-28 04:58:45.960428,user_10,file_delete,success,3346,,0
2025-03-28 01:39:45.960428,user_18,file_upload,success,709,,0
2025-03-27 18:41:45.960428,user_4,file_delete,success,1014,,0
2025-03-28 00:53:45.960428,user_11,file_delete,success,3046,,0
2025-03-27 21:36:45.960428,user_8,file_delete,success,3233,,0
2025-03-27 16:16:45.960428,user_11,file_delete,failure,3389,475.0,0
2025-03-28 04:14:45.960428,user_10,file_upload,success,524,,0
2025-03-27 21:23:45.960428,user_6,file_upload,failure,4907,485.0,0
2025-03-28 02:03:45.960428,user_5,file_upload,failure,4208,465.0,0
2025-03-28 02:55:45.960428,user_1,login,failure,2564,429.0,0
2025-03-28 03:51:45.960428,user_15,login,failure,3280,466.0,0
2025-03-27 23:49:45.960428,user_15,file_upload,failure,1230,451.0,0
2025-03-28 04:34:45.960428,user_11,file_delete,failure,4154,485.0,0
2025-03-28 03:21:45.960428,user_17,file_upload,failure,3172,432.0,0
2025-03-27 18:22:45.960428,user_13,login,success,511,,0
2025-03-27 16:48:45.960428,user_17,file_upload,success,4644,,0
2025-03-27 22:28:45.960428,user_12,file_upload,failure,4757,457.0,0
2025-03-27 19:51:45.960428,user_8,file_delete,success,3755,,0
2025-03-27 20:23:45.960428,user_9,login,failure,4027,400.0,0
2025-03-28 06:52:45.960428,user_4,login,success,4595,,0
2025-03-28 06:49:45.960428,user_2,login,success,4516,,0
2025-03-28 07:57:45.960428,user_8,file_upload,failure,2820,464.0,0
2025-03-28 02:48:45.960428,user_1,file_delete,success,1368,,0
2025-03-27 16:08:45.960428,user_20,file_delete,success,3836,,1
2025-03-28 02:32:45.960428,user_17,login,failure,3959,463.0,0
2025-03-27 20:29:45.960428,user_14,login,success,1947,,0
2025-03-28 01:51:45.960428,user_16,file_delete,success,4389,,0
2025-03-27 22:39:45.960428,user_16,file_upload,failure,1948,413.0,0
2025-03-28 04:32:45.960428,user_10,file_upload,failure,1972,487.0,0
2025-03-28 02:15:45.960428,user_15,login,failure,2429,495.0,0
2025-03-27 20:05:45.960428,user_8,file_delete,success,3502,,0
2025-03-27 22:11:45.960428,user_13,file_delete,failure,1990,476.0,0
2025-03-27 22:09:45.960428,user_3,file_upload,success,3728,,0
2025-03-27 16:41:45.960428,user_15,file_upload,failure,4235,467.0,0
2025-03-27 18:34:45.960428,user_3,file_delete,success,3842,,0
2025-03-28 01:26:45.960428,user_6,login,failure,1460,477.0,0
2025-03-27 15:59:45.960428,user_11,file_delete,success,2704,,1
2025-03-28 03:46:45.960428,user_12,file_delete,failure,2949,471.0,0
2025-03-28 05:54:45.960428,user_11,file_delete,failure,2956,408.0,0
2025-03-27 16:58:45.960428,user_6,file_delete,success,2651,,0
2025-03-28 07:54:45.960428,user_2,file_upload,success,3178,,0
2025-03-27 22:56:45.960428,user_8,login,failure,4816,471.0,0
2025-03-27 19:18:45.960428,user_8,file_delete,success,1938,,0
2025-03-27 19:58:45.960428,user_4,file_delete,failure,1799,426.0,0
2025-03-27 23:18:45.960428,user_16,login,failure,4970,455.0,0
2025-03-28 01:57:45.960428,user_5,file_upload,failure,1301,461.0,0
2025-03-27 16:51:45.960428,user_3,file_delete,success,2205,,0
2025-03-28 07:45:45.960428,user_6,file_delete,success,2407,,0
2025-03-27 19:04:45.960428,user_5,file_delete,failure,794,484.0,0
2025-03-27 19:07:45.960428,user_8,file_delete,failure,1682,441.0,0
2025-03-27 15:25:45.960428,user_8,file_upload,failure,300,488.0,1
2025-03-27 20:03:45.960428,user_7,file_delete,success,388,,0
2025-03-27 19:24:45.960428,user_5,file_upload,failure,3316,469.0,0
2025-03-28 05:28:45.960428,user_16,file_upload,success,208,,0
2025-03-27 19:40:45.960428,user_12,file_upload,failure,2570,465.0,0
2025-03-28 06:04:45.960428,user_9,login,success,638,,0
2025-03-27 18:49:45.960428,user_17,login,failure,1121,430.0,0
2025-03-28 06:50:45.960428,user_15,file_delete,success,2864,,0
2025-03-28 00:57:45.960428,user_3,file_upload,failure,1559,484.0,0
2025-03-27 20:00:45.960428,user_5,file_upload,failure,2751,442.0,0
2025-03-27 15:31:45.960428,user_6,login,success,2366,,1
2025-03-27 16:54:45.960428,user_17,file_delete,failure,1841,482.0,0
2025-03-28 04:00:45.960428,user_3,file_delete,failure,3878,478.0,0
2025-03-28 02:28:45.960428,user_14,file_delete,success,1805,,0
2025-03-27 23:52:45.960428,user_19,file_upload,failure,1195,454.0,0
2025-03-27 21:50:45.960428,user_1,file_delete,success,4752,,0
2025-03-28 03:52:45.960428,user_7,login,success,3252,,0
2025-03-28 07:04:45.960428,user_9,login,success,3039,,0
2025-03-27 23:56:45.960428,user_10,file_upload,failure,3572,426.0,0
2025-03-28 04:55:45.960428,user_18,file_upload,failure,2834,451.0,0
2025-03-28 06:22:45.960428,user_10,login,success,2814,,0
2025-03-27 16:06:45.960428,user_11,login,failure,3548,492.0,1
2025-03-27 23:22:45.960428,user_6,file_delete,success,238,,0
2025-03-28 07:28:45.960428,user_5,file_upload,failure,2955,492.0,0
2025-03-27 16:45:45.960428,user_17,file_delete,failure,2356,424.0,0
2025-03-27 20:31:45.960428,user_3,file_delete,success,2741,,0
2025-03-27 15:30:45.960428,user_16,login,success,371,,1
2025-03-27 19:53:45.960428,user_20,login,failure,2146,409.0,0
2025-03-28 00:35:45.960428,user_14,file_delete,failure,4419,474.0,0
2025-03-28 06:37:45.960428,user_3,file_upload,success,3368,,0
2025-03-27 22:20:45.960428,user_10,login,success,4161,,0
2025-03-27 18:07:45.960428,user_19,file_delete,failure,2073,403.0,0
2025-03-28 07:27:45.960428,user_2,file_upload,success,3623,,0
2025-03-27 21:53:45.960428,user_8,file_upload,success,4721,,0
2025-03-27 17:15:45.960428,user_1,login,failure,2200,429.0,0
2025-03-27 17:05:45.960428,user_19,file_upload,failure,2386,499.0,0
2025-03-27 22:43:45.960428,user_8,file_upload,success,883,,0
2025-03-28 07:36:45.960428,user_15,login,failure,4353,480.0,0
2025-03-27 20:25:45.960428,user_13,login,failure,806,442.0,0
2025-03-28 05:50:45.960428,user_1,file_delete,success,1374,,0
2025-03-27 20:56:45.960428,user_16,file_upload,failure,4539,406.0,0
2025-03-27 16:47:45.960428,user_16,file_delete,failure,1700,474.0,0
2025-03-28 04:11:45.960428,user_18,file_delete,success,4808,,0
2025-03-27 22:16:45.960428,user_6,file_upload,failure,338,448.0,0
2025-03-27 18:03:45.960428,user_5,login,failure,3032,431.0,0
2025-03-28 01:15:45.960428,user_10,file_delete,failure,3428,469.0,0
2025-03-28 03:48:45.960428,user_1,file_upload,success,3155,,0
2025-03-27 19:48:45.960428,user_19,file_delete,failure,4814,464.0,0
2025-03-28 05:56:45.960428,user_18,file_upload,success,563,,0
2025-03-28 03:24:45.960428,user_18,login,failure,2573,438.0,0
2025-03-27 21:31:45.960428,user_11,file_delete,success,3603,,0
2025-03-27 18:14:45.960428,user_4,login,failure,3298,478.0,0
2025-03-27 20:50:45.960428,user_1,file_upload,failure,475,461.0,0
2025-03-27 19:33:45.960428,user_9,file_delete,failure,3508,470.0,0
2025-03-27 20:38:45.960428,user_11,file_upload,success,1963,,0
2025-03-27 16:31:45.960428,user_19,login,failure,4839,443.0,0
2025-03-28 06:51:45.960428,user_6,file_upload,failure,2503,477.0,0
2025-03-28 00:51:45.960428,user_9,file_upload,failure,331,410.0,0
2025-03-27 23:28:45.960428,user_10,login,failure,2024,490.0,0
2025-03-27 18:46:45.960428,user_5,file_delete,success,2711,,0
2025-03-28 01:55:45.960428,user_20,file_upload,success,2791,,0
2025-03-28 00:40:45.960428,user_16,login,failure,1428,408.0,0
2025-03-28 00:17:45.960428,user_11,login,failure,903,487.0,0
2025-03-28 00:49:45.960428,user_13,file_delete,failure,1272,489.0,0
2025-03-28 00:01:45.960428,user_4,file_upload,success,3999,,0
2025-03-28 03:26:45.960428,user_9,file_upload,success,268,,0
2025-03-28 06:38:45.960428,user_12,file_upload,success,1871,,0
2025-03-28 02:47:45.960428,user_12,file_delete,success,1670,,0
2025-03-28 00:23:45.960428,user_10,file_upload,success,3345,,0
2025-03-28 03:02:45.960428,user_17,login,success,4491,,0
2025-03-27 17:56:45.960428,user_11,login,failure,2430,495.0,0
2025-03-27 23:43:45.960428,user_7,login,failure,1634,475.0,0
2025-03-28 03:09:45.960428,user_5,file_upload,failure,3073,439.0,0
2025-03-27 16:59:45.960428,user_1,file_delete,success,1546,,0
2025-03-28 03:49:45.960428,user_16,login,success,2573,,0
2025-03-27 18:57:45.960428,user_1,file_upload,failure,1714,426.0,0
2025-03-27 17:59:45.960428,user_2,file_delete,failure,2593,456.0,0
2025-03-28 03:03:45.960428,user_20,login,failure,4737,442.0,0
2025-03-27 22:05:45.960428,user_3,file_delete,failure,1296,457.0,0
2025-03-27 16:05:45.960428,user_9,login,failure,3450,405.0,1
2025-03-28 03:06:45.960428,user_15,file_delete,success,2572,,0
2025-03-28 02:26:45.960428,user_13,login,failure,4801,465.0,0
2025-03-27 16:37:45.960428,user_10,file_upload,failure,608,459.0,0
2025-03-28 05:15:45.960428,user_2,login,success,927,,0
2025-03-28 01:16:45.960428,user_3,file_upload,success,3642,,0
2025-03-27 20:58:45.960428,user_5,file_delete,failure,3959,412.0,0
2025-03-27 22:29:45.960428,user_9,file_upload,failure,4510,485.0,0
2025-03-28 02:34:45.960428,user_4,login,failure,775,419.0,0
2025-03-27 22:01:45.960428,user_16,login,failure,1505,444.0,0
2025-03-28 06:44:45.960428,user_9,login,failure,1782,495.0,0
2025-03-27 15:52:45.960428,user_12,file_delete,success,2822,,1
2025-03-28 00:25:45.960428,user_4,file_delete,failure,4222,494.0,0
2025-03-28 04:42:45.960428,user_15,file_upload,failure,1953,408.0,0
2025-03-27 17:40:45.960428,user_16,login,failure,3708,410.0,0
2025-03-28 00:16:45.960428,user_12,file_delete,failure,2517,474.0,0
2025-03-27 21:01:45.960428,user_7,file_upload,failure,1296,437.0,0
2025-03-28 01:22:45.960428,user_16,file_upload,failure,3878,466.0,0
2025-03-27 19:39:45.960428,user_9,file_delete,failure,4313,406.0,0
2025-03-27 18:44:45.960428,user_20,file_upload,success,535,,0
2025-03-27 18:32:45.960428,user_4,file_upload,failure,2696,423.0,0
2025-03-27 15:43:45.960428,user_16,file_delete,success,3676,,1
2025-03-27 21:52:45.960428,user_3,login,success,2207,,0
2025-03-28 05:01:45.960428,user_2,file_delete,failure,2042,441.0,0
2025-03-27 23:35:45.960428,user_20,login,failure,2920,461.0,0
2025-03-28 05:00:45.960428,user_8,file_delete,success,1177,,0
2025-03-27 19:19:45.960428,user_9,login,failure,3755,497.0,0
2025-03-27 15:49:45.960428,user_2,file_upload,success,2520,,1
2025-03-27 21:12:45.960428,user_12,login,success,4250,,0
2025-03-27 23:32:45.960428,user_1,file_delete,success,4518,,0
2025-03-28 04:44:45.960428,user_18,login,failure,448,457.0,0
2025-03-27 16:27:45.960428,user_19,file_upload,failure,2397,459.0,0
2025-03-27 21:02:45.960428,user_10,login,success,3320,,0
2025-03-28 03:25:45.960428,user_11,file_delete,failure,1681,433.0,0
2025-03-28 03:35:45.960428,user_4,file_delete,success,4003,,0
2025-03-27 18:35:45.960428,user_11,file_delete,failure,237,403.0,0
2025-03-28 05:41:45.960428,user_3,file_delete,success,4210,,0
2025-03-27 18:30:45.960428,user_4,file_upload,success,2634,,0
2025-03-28 05:44:45.960428,user_20,login,success,628,,0
2025-03-27 22:15:45.960428,user_3,file_delete,success,1935,,0
2025-03-27 19:05:45.960428,user_5,login,success,316,,0
2025-03-28 03:01:45.960428,user_12,login,success,1973,,0
2025-03-28 06:08:45.960428,user_8,file_upload,failure,607,444.0,0
2025-03-27 23:23:45.960428,user_7,file_delete,success,4519,,0
2025-03-27 22:06:45.960428,user_18,file_upload,success,1711,,0
2025-03-27 22:02:45.960428,user_1,file_delete,failure,1931,421.0,0
2025-03-28 06:55:45.960428,user_6,file_upload,success,2503,,0
2025-03-27 19:08:45.960428,user_20,file_delete,success,3476,,0
2025-03-27 16:38:45.960428,user_8,file_upload,failure,1124,411.0,0
2025-03-27 16:25:45.960428,user_12,login,failure,3807,462.0,0
2025-03-28 02:36:45.960428,user_13,file_upload,failure,628,436.0,0
2025-03-28 01:11:45.960428,user_12,login,failure,370,491.0,0
2025-03-27 16:24:45.960428,user_4,file_delete,failure,4280,490.0,0
2025-03-27 18:47:45.960428,user_16,file_upload,success,2569,,0
2025-03-28 05:21:45.960428,user_20,file_delete,success,4920,,0
2025-03-28 03:04:45.960428,user_19,file_upload,failure,3912,489.0,0
2025-03-27 19:03:45.960428,user_13,login,failure,1187,420.0,0
2025-03-28 06:19:45.960428,user_19,file_upload,success,536,,0
2025-03-27 16:43:45.960428,user_4,file_upload,success,2391,,0
2025-03-28 06:05:45.960428,user_1,login,failure,2046,481.0,0
2025-03-27 20:01:45.960428,user_17,file_upload,success,2764,,0
2025-03-27 17:31:45.960428,user_11,file_delete,failure,3702,430.0,0
2025-03-27 17:42:45.960428,user_4,file_upload,success,684,,0
2025-03-28 00:19:45.960428,user_13,login,success,4708,,0
2025-03-28 01:37:45.960428,user_4,login,success,4046,,0
2025-03-27 16:32:45.960428,user_1,file_delete,success,1931,,0
2025-03-28 06:15:45.960428,user_18,login,success,4604,,0
2025-03-28 00:46:45.960428,user_6,file_delete,failure,3651,460.0,0
2025-03-27 21:29:45.960428,user_7,file_delete,success,2652,,0
2025-03-28 05:19:45.960428,user_3,file_delete,success,3586,,0
2025-03-28 05:11:45.960428,user_11,file_upload,failure,1968,454.0,0
2025-03-27 16:01:45.960428,user_5,file_upload,success,1989,,1
2025-03-28 00:55:45.960428,user_5,file_upload,failure,1144,416.0,0
2025-03-28 01:30:45.960428,user_13,file_delete,success,4402,,0
2025-03-28 03:16:45.960428,user_12,file_upload,success,4932,,0
2025-03-27 18:21:45.960428,user_11,file_delete,success,534,,0
2025-03-28 05:25:45.960428,user_9,login,success,3623,,0
2025-03-28 03:56:45.960428,user_12,file_upload,success,2761,,0
2025-03-28 04:16:45.960428,user_9,login,success,4192,,0
2025-03-27 17:09:45.960428,user_12,login,failure,885,435.0,0
2025-03-27 21:46:45.960428,user_12,file_upload,success,2712,,0
2025-03-27 20:13:45.960428,user_11,file_delete,failure,850,421.0,0
2025-03-27 15:33:45.960428,user_1,file_upload,success,1724,,1
2025-03-27 19:02:45.960428,user_16,file_delete,failure,1609,442.0,0
2025-03-27 16:04:45.960428,user_13,file_delete,failure,330,436.0,1
2025-03-27 19:22:45.960428,user_13,file_delete,failure,3835,480.0,0
2025-03-28 01:38:45.960428,user_15,file_delete,success,714,,0
2025-03-28 01:44:45.960428,user_2,file_delete,success,3967,,0
2025-03-27 19:42:45.960428,user_4,file_upload,success,4490,,0
2025-03-27 21:28:45.960428,user_17,file_delete,failure,339,481.0,0
2025-03-27 19:41:45.960428,user_5,file_upload,success,3144,,0
2025-03-27 17:02:45.960428,user_6,login,failure,3677,425.0,0
2025-03-27 15:55:45.960428,user_19,file_upload,failure,1004,423.0,1
2025-03-28 05:51:45.960428,user_9,file_delete,success,3688,,0
2025-03-28 01:50:45.960428,user_11,file_delete,failure,747,489.0,0
2025-03-28 06:43:45.960428,user_13,file_delete,success,2885,,0
2025-03-28 04:37:45.960428,user_1,file_upload,success,1053,,0
2025-03-27 18:54:45.960428,user_4,file_delete,failure,2171,496.0,0
2025-03-27 16:55:45.960428,user_2,file_delete,failure,266,437.0,0
2025-03-27 15:36:45.960428,user_14,login,success,1477,,1
2025-03-27 18:00:45.960428,user_19,login,success,1236,,0
2025-03-27 17:26:45.960428,user_7,file_delete,success,424,,0
2025-03-28 01:34:45.960428,user_7,file_delete,success,3517,,0
2025-03-28 03:12:45.960428,user_2,file_delete,failure,4757,401.0,0
2025-03-27 15:48:45.960428,user_3,login,success,3954,,1
2025-03-27 16:18:45.960428,user_2,file_delete,failure,393,436.0,0
2025-03-28 00:26:45.960428,user_12,login,success,438,,0
2025-03-27 20:04:45.960428,user_20,file_upload,failure,1858,492.0,0
2025-03-28 01:14:45.960428,user_1,file_delete,success,425,,0
2025-03-28 04:45:45.960428,user_10,login,success,3307,,0
2025-03-27 17:25:45.960428,user_16,file_upload,success,1009,,0
2025-03-27 16:03:45.960428,user_9,login,success,4464,,1
2025-03-27 18:55:45.960428,user_13,file_delete,success,4381,,0
2025-03-27 19:49:45.960428,user_2,login,success,3793,,0
2025-03-27 22:12:45.960428,user_12,file_upload,success,379,,0
2025-03-27 22:34:45.960428,user_9,file_upload,failure,4391,406.0,0
2025-03-27 20:42:45.960428,user_20,file_delete,failure,1351,488.0,0
2025-03-27 21:17:45.960428,user_17,login,success,4707,,0
2025-03-28 03:50:45.960428,user_19,file_delete,failure,4621,479.0,0
2025-03-28 02:09:45.960428,user_13,file_upload,success,3119,,0
2025-03-28 07:29:45.960428,user_7,login,failure,4975,441.0,0
2025-03-27 20:12:45.960428,user_7,login,failure,2347,409.0,0
2025-03-27 22:44:45.960428,user_1,file_upload,failure,1091,415.0,0
2025-03-27 23:11:45.960428,user_4,file_delete,failure,3958,486.0,0
2025-03-28 07:10:45.960428,user_18,file_delete,success,1270,,0
2025-03-27 22:52:45.960428,user_13,file_upload,failure,4382,417.0,0
2025-03-28 04:10:45.960428,user_7,login,success,4733,,0
2025-03-28 02:27:45.960428,user_5,file_delete,failure,3432,456.0,0
2025-03-27 21:04:45.960428,user_8,file_upload,success,1190,,0
2025-03-28 00:02:45.960428,user_2,file_upload,success,2798,,0
2025-03-27 18:08:45.960428,user_8,file_delete,failure,3044,461.0,0
2025-03-28 01:32:45.960428,user_13,file_delete,success,1663,,0
2025-03-27 20:27:45.960428,user_9,file_upload,failure,4737,452.0,0
2025-03-27 17:21:45.960428,user_12,file_upload,failure,3822,477.0,0
2025-03-28 00:42:45.960428,user_9,file_delete,success,2960,,0
2025-03-27 21:32:45.960428,user_10,file_delete,success,2178,,0
2025-03-28 06:24:45.960428,user_14,file_upload,failure,2845,414.0,0
2025-03-27 23:21:45.960428,user_13,file_delete,success,2305,,0
2025-03-27 23:29:45.960428,user_20,file_upload,success,4492,,0
2025-03-28 06:21:45.960428,user_18,file_delete,success,4482,,0
2025-03-28 01:13:45.960428,user_3,login,failure,4931,499.0,0
2025-03-28 01:41:45.960428,user_19,file_upload,success,1765,,0
2025-03-28 01:10:45.960428,user_11,file_upload,failure,346,425.0,0
2025-03-27 19:50:45.960428,user_3,file_upload,success,600,,0
2025-03-28 06:46:45.960428,user_3,file_delete,success,3987,,0
2025-03-27 19:21:45.960428,user_16,file_upload,failure,381,476.0,0
2025-03-27 16:44:45.960428,user_12,login,success,4806,,0
2025-03-28 01:18:45.960428,user_4,file_delete,failure,2595,473.0,0
2025-03-28 04:25:45.960428,user_3,file_delete,success,1620,,0
2025-03-28 07:47:45.960428,user_15,file_upload,failure,3100,477.0,0
2025-03-28 02:56:45.960428,user_2,login,failure,3825,422.0,0
2025-03-27 18:18:45.960428,user_13,login,success,2122,,0
2025-03-28 07:44:45.960428,user_9,login,success,2566,,0
2025-03-27 20:55:45.960428,user_3,file_delete,failure,2164,435.0,0
2025-03-27 20:59:45.960428,user_14,file_upload,success,1148,,0
2025-03-28 02:33:45.960428,user_7,login,success,2516,,0
2025-03-28 07:18:45.960428,user_17,file_upload,failure,2838,458.0,0
2025-03-28 03:08:45.960428,user_15,file_upload,success,479,,0
2025-03-28 07:11:45.960428,user_16,login,failure,4133,448.0,0
2025-03-27 17:57:45.960428,user_5,file_delete,failure,4635,437.0,0
2025-03-27 17:13:45.960428,user_20,login,success,2984,,0
2025-03-27 21:37:45.960428,user_11,file_upload,failure,1553,414.0,0
2025-03-28 07:51:45.960428,user_3,file_delete,failure,1324,414.0,0
2025-03-27 22:47:45.960428,user_12,file_upload,failure,2134,463.0,0
2025-03-28 01:53:45.960428,user_13,file_delete,failure,4756,497.0,0
2025-03-27 17:53:45.960428,user_4,file_delete,success,3358,,0
2025-03-27 20:41:45.960428,user_12,login,failure,2200,416.0,0
2025-03-27 23:25:45.960428,user_7,login,success,3351,,0
2025-03-28 03:31:45.960428,user_4,file_upload,failure,3704,440.0,0
2025-03-28 00:44:45.960428,user_12,file_delete,failure,4883,444.0,0
2025-03-27 19:38:45.960428,user_11,file_delete,failure,1720,460.0,0
2025-03-27 17:01:45.960428,user_18,file_delete,failure,1463,466.0,0
2025-03-28 07:48:45.960428,user_5,file_delete,success,1370,,0
2025-03-28 05:30:45.960428,user_3,login,failure,3059,494.0,0
2025-03-28 00:33:45.960428,user_20,login,failure,4684,499.0,0
2025-03-28 04:56:45.960428,user_19,file_upload,success,2634,,0
2025-03-27 23:03:45.960428,user_8,login,failure,2703,497.0,0
2025-03-27 19:35:45.960428,user_18,file_upload,success,3261,,0
2025-03-27 19:23:45.960428,user_15,file_delete,success,2576,,0
2025-03-27 21:00:45.960428,user_1,login,success,408,,0
2025-03-28 02:50:45.960428,user_18,file_delete,success,3273,,0
2025-03-28 07:32:45.960428,user_2,file_delete,failure,4962,435.0,0
2025-03-28 08:01:45.960428,user_3,file_delete,failure,2065,466.0,0
2025-03-28 03:47:45.960428,user_5,login,failure,1994,452.0,0
2025-03-27 20:51:45.960428,user_17,file_upload,failure,1026,474.0,0
2025-03-27 18:29:45.960428,user_4,file_upload,failure,1394,434.0,0
2025-03-28 00:50:45.960428,user_19,file_upload,failure,3177,418.0,0
2025-03-27 21:48:45.960428,user_7,file_delete,failure,2647,457.0,0
2025-03-28 04:40:45.960428,user_13,login,failure,2511,443.0,0
2025-03-27 21:42:45.960428,user_13,file_delete,success,2201,,0
2025-03-28 05:43:45.960428,user_7,file_upload,failure,323,455.0,0
2025-03-27 20:22:45.960428,user_14,login,failure,1973,440.0,0
2025-03-27 17:12:45.960428,user_10,login,success,2830,,0
2025-03-27 22:00:45.960428,user_15,file_upload,success,3830,,0
2025-03-28 07:46:45.960428,user_14,file_delete,failure,2154,475.0,0
2025-03-28 04:39:45.960428,user_16,file_delete,failure,1774,444.0,0
2025-03-28 02:44:45.960428,user_7,login,success,3591,,0
2025-03-27 20:47:45.960428,user_16,login,failure,488,478.0,0
2025-03-28 03:33:45.960428,user_1,login,failure,4277,482.0,0
2025-03-28 00:24:45.960428,user_5,file_upload,success,4511,,0
2025-03-27 22:33:45.960428,user_2,login,failure,4766,486.0,0
2025-03-28 07:22:45.960428,user_3,file_delete,failure,2961,409.0,0
2025-03-28 05:13:45.960428,user_8,login,success,1695,,0
2025-03-28 00:39:45.960428,user_3,file_upload,failure,2971,484.0,0
2025-03-27 18:02:45.960428,user_20,login,failure,4292,408.0,0
2025-03-27 20:02:45.960428,user_14,file_upload,success,2899,,0
2025-03-28 02:23:45.960428,user_16,login,failure,2838,452.0,0
2025-03-28 03:23:45.960428,user_7,file_delete,failure,2335,479.0,0
2025-03-27 23:31:45.960428,user_13,file_upload,failure,2370,434.0,0
2025-03-27 17:07:45.960428,user_11,file_delete,failure,1791,434.0,0
2025-03-28 06:54:45.960428,user_2,login,success,4970,,0
2025-03-27 21:26:45.960428,user_19,file_delete,success,4768,,0
2025-03-28 07:37:45.960428,user_12,login,failure,958,445.0,0
2025-03-28 03:59:45.960428,user_4,login,failure,2640,489.0,0
2025-03-27 21:51:45.960428,user_12,file_upload,failure,1426,414.0,0
2025-03-28 07:56:45.960428,user_19,login,success,3242,,0
2025-03-28 06:16:45.960428,user_7,file_delete,failure,1454,498.0,0
2025-03-28 06:29:45.960428,user_1,file_delete,success,4892,,0
2025-03-28 02:59:45.960428,user_15,file_upload,failure,2317,415.0,0
2025-03-28 06:25:45.960428,user_6,login,failure,2502,433.0,0
2025-03-27 16:17:45.960428,user_18,login,success,2211,,0
2025-03-28 07:33:45.960428,user_10,login,success,758,,0
2025-03-28 02:14:45.960428,user_16,file_delete,success,1520,,0
2025-03-28 00:12:45.960428,user_9,file_upload,success,4449,,0
2025-03-27 23:16:45.960428,user_8,file_delete,failure,410,439.0,0
2025-03-28 03:42:45.960428,user_4,file_upload,success,4017,,0
2025-03-27 23:50:45.960428,user_7,file_upload,success,1095,,0
2025-03-27 15:27:45.960428,user_3,login,failure,1077,431.0,1
2025-03-28 06:06:45.960428,user_1,login,success,3420,,0
2025-03-28 02:51:45.960428,user_8,login,success,3908,,0
2025-03-28 05:32:45.960428,user_18,file_delete,success,1084,,0
2025-03-28 04:48:45.960428,user_6,login,failure,4346,418.0,0
